"2018-10-19 16:15:30","http://gall.dcinside.com/board/view/?id=superidea&no=161232&s_type=search_all&s_keyword=그래픽카드&page=1","그래픽카드 쿨러 장착 후기","초개념 갤러리","Rolf","10 17 10:00:01","기존 ITX 시스템. CPU는 R5 2600, GPU는 1080 cpu쿨러 배기, 케이스 하단에 아틱 F12 두개 흡기로 달아놨었음. 게임돌리면 CPU 70도, 글카 77도정도 나오던 상황이고 ITX치고 만족스러웠지만 더 좋은 쿨링 방법이 유튜브에 소개되어있길래 한번 시도해봤다. 컴갤에서 젠틀타이푼 약을 오지게 팔길래 나도 한번 사봄 ㅎ 그래픽카드를 더 차갑게 식혀줄 새 쿨러 아틱 Accelero Xtreme III 포장이 그냥 플라스틱 케이스라 상자 배대지에서 버린줄 알았다 쿨러 꺼내고 좀 당황했던게 서멀을 그냥 저렇게 발라놨음 이 쿨러를 장착하고서는 이 케이스에 넣기엔 너무 커져서 팬 떼버림 플라스틱 포장에다 넣고 배송하니 스택 핀 다 휘었다 박스 안쓰고 이딴 포장 선택한 아틱새끼들 대가리 ㅆㅅㅌㅊ  기존 글카 쿨러 분해하는데 씨발 이거 존나 안빠져서 존나 고생함 ㅡㅡ 롱노우즈 사기 싫어서 손으로 어떻게든 해보려했는데 손톱만 다 부러짐 씨발거 히트싱크 분리하고 난 후 메모리랑 전원부에 써멀겸 글루 발라주고 동봉된 방열핀 달아줌. 이러고 한시간 말리면 됨 완성된 모습.  히트싱크 달아주는 과정 찍는거 깜박했는데 상상에 맡김 케이스 아래에 젠틀타이푼 배기로 달아줬고 CPU쿨러는 배기에서 흡기로 바꿔서 달아줌 가장 중요한 온도변화 CPU는 몇도 차이 없고 GPU 77 >65도 ㅆㅅㅌㅊㅋㅋㅋㅋㅋ 77도 나오는것도 팬속 65%정도 돌아갔었는데 존나 시끄러웠는데 젠틀타이푼은 팬속 55%정도에 65도, 그리고 진짜 명성대로 조용하다 내 룸메 노트북소리보다 작음 ㄹㅇ ITX에서 이 정도 온도 나온다는것에 매우 흡족한 변경이였다 출처: 컴퓨터 본체 갤러리 [원본보기] 추천검색 추천 비추천 55 25 개념 추천 개념 비추천 4 힛추 공유 신고 원본 첨부파일 12 DSC_2596.jpg DSC_2584.jpg DSC_2586.jpg DSC_2587.jpg DSC_2590.jpg DSC_2592.jpg DSC_2597.jpg DSC_2600.jpg DSC_2601.jpg LMS_2848.jpg KakaoTalk_20181016_213819558.jpg KakaoTalk_20181016_213819357.jpg"
"2018-10-19 16:15:31","http://gall.dcinside.com/board/view/?id=superidea&no=161232&t=cv&s_type=search_all&s_keyword=그래픽카드&page=1","그래픽카드 쿨러 장착 후기","초개념 갤러리","Rolf","10 17 10:00:01","추천검색 추천 비추천 55 25 개념 추천 개념 비추천 4 힛추 공유 신고 원본 첨부파일 12 DSC_2596.jpg DSC_2584.jpg DSC_2586.jpg DSC_2587.jpg DSC_2590.jpg DSC_2592.jpg DSC_2597.jpg DSC_2600.jpg DSC_2601.jpg LMS_2848.jpg KakaoTalk_20181016_213819558.jpg KakaoTalk_20181016_213819357.jpg"
"2018-10-19 16:15:32","http://gall.dcinside.com/board/view/?id=superidea&no=160960&s_type=search_all&s_keyword=그래픽카드&page=1","(씹스압, 사진많음) 커스텀 수냉 가이드 2   수냉 파츠 1탄","초개념 갤러리","sylphe","10 14 10:00:02","1편 : 커스텀 수냉의 장단점 http://gall.dcinside.com/board/view/?id=pridepc_new3&no=8329485&exception_mode=recommend&page=1   앞 장에서 사실 커스텀 수냉, 업체에 맡겨도 되는가? 에 대한 말을 쓰려고 했는데 생각보다 글이 너무 길어져 끊었다. 여기에 이어서 말하자면, 일단 나는 업체에 맡겨서 빌딩하는 것을 추천하지 않는다. 그런 애들보다 내가 더 잘함 씨발아 이런 말이 아니라.. 그렇게 해놓아 봤자 향후 문제생겼을 때 유지보수 자체를 전혀 하지 못하게 되고, 단순 부품 교체를 한다고 하더라도 애를 먹을 것이 뻔하기 때문이다. 천천히 접근하면 어렵지 않기 때문에 비싼 공임 주고 업체에 맡기지 말고, 가성비 좋은 부품들로 현명하게 구매하여 너만의 시스템을 만들어 보도록 하자. 오늘은 지난 장에서 예고했던 것처럼 커스텀 수냉에 필요한 파츠와 브랜드, 구입처 등을 알려주려고 했는데.. 생각보다 너무 길어져서 워터블럭과 피팅만 설명하고 다음 장에서 나머지를 알려주도록 할게. 1. 워터블럭(Water block) 보통 ‘자켓’ 이라고도 많이 부르는데, 워터블럭이 보다 통용되는 말인 것 같다(정확하진 않음). 워터블럭은 PC에 부착되는 모든 부품에 맞는 블록이 있다(cpu, ram, vga은 물론이고 메인보드 칩셋, m.2 타입 ssd, 심지어 파워도 있다) 그러나 대부분의 사람들이 수냉하는 부분은 CPU, VGA, 메인보드 전원부 일것이다. 가장 발열이 강하기도 하고, 수냉 했을 때 직접적으로 성능 이득을 볼 수 있는 부분이기 때문이다. 램의 경우 요즘에는 발열이 그렇게 강하지 않고, m.2 nvme ssd의 경우 수냉을 하면 오히려 성능이 저하된다는 실험결과도 보고된 바가 있으므로 본인의 타겟을 잘 결정하자. (NVMe M.2 수랭주의하세요. – http://cooln.net/bbs/water_cooling/341939?sfl=wr_subject&stx=nvme&sop=and) 특히 요즘에는 CPU와 메인보드 전원부를 동시에 식힐 수 있는 모노블럭이 보드별로 출시되고 있어, 수로를 간소화 하면서도 쿨링을 최대한으로 할 수 있다. (모노 블럭. 출처 : EKWB) 워터블럭의 경우 대부분의 제품이 열 전도성이 우수한 구리로 만들어져 있다.  매우 매우 저렴한 제품의 경우 알루미늄을 사용한 제품도 있지만, 후술할 갈바닉 부식현상 때문에 망할 수 있으므로 알루미늄 제품은 사용하지 말자. Cpu 워터블럭의 경우 열 전도를 최대화하기 위해 블럭 안쪽에 미세 수로가 있고, 그 위에 Jet plate라는 가장 이상적인 방향으로 냉각수가 입수되게끔 만들어 주는 판이 하나 덧대어 있다. 그래서 cpu 워터블럭의 경우 보통 냉각수가 들어가는 부분과 나오는 부분이 IN, OUT 표시로 뚜렷하게 구분되어 있다. 너네들이 한번쯤은 모두 사 봤을 공랭쿨러도 전용 브라켓이 들어가 있지? cpu 워터블럭을 구매했을 때도 똑같다. 전용 브라켓이 들어가 있는 경우가 많다. 물론 워터블럭도 cpu 소켓으로 구분지어 판매하기 때문에, 상품 상세설명을 잘 보고 구매해야 하겠다. (EKWB에서 나온 신형 인텔 cpu 워터블럭. 표시가 안 되어있다면 중앙 쪽에 가까운 것이 인포트이다. 출처 : EKWB) VGA 워터블럭의 경우 위와는 달리, 입수구와 출수구를 본인이 마음대로 정해도 성능에 큰 문제는 없으나, 제조사에서는 VGA 코어 부분에 냉각수가 먼저 입수되도록 빌딩하라고 추천하고 있다. 친절한 회사들은 슬라이나 크파 구성시에 냉각수 흐름도 추천해주는 곳도 있다. 중요한 건데, VGA 워터블럭은 아무렇게나 골라버리면 안 된다. 니가 레퍼런스 pcb를 사용한 제품을 사용한다면(Founder's edition은 기본이고 그 위에 쿨러만 얹은 inno3d나.. EVGA의 sc 시리즈나.. 만리나 이엠택의 블랙 에디션이나.. 잘 찾아봐야 함) Founder's edition 용 워터블럭을 사서(보통 그래픽카드 출시 이후 1달 안에 바로 나옴. 이번 2천번대는 같이 나옴) 쓰면 된다. 그런데 제조사에서 전원부 등을 보강하여 내놓은 비레퍼 그래픽카드의 경우, 전용 블럭이 따로 있는 경우가 대부분이다. 스트릭스용, 기가 어로스용 다 있음. 여러가지 비레퍼 블럭을 커버하는 제품이 나오기는 하나, 전세대인 파스칼 그래픽카드의 경우 2천번대 떡밥이 말라 비트러질정도 되었을 때 범용 블럭이 출시되었다. 졸라 느리단 얘기임. 그러니까 새로 그래픽카드를 사서 수냉하고 싶다면 레퍼기판 모델을 사서 하는게 편할 수도 있다. 2. 피팅, 배관재(Fitting) 피팅(한국어로 배관재이지만 보통 피팅이라고 씀)은 커스텀 수냉을 빌딩하는 데 있어 너를 가장 괴롭힐 부분이고, 그만큼 종류가 다양하다. 거기에 가끔씩 한 두 개씩 빼먹어서 완성 못하고 택배 기다리면 정말 화가 난다(경험담).. 그러니 잘 알아보고 니가 구성할 수로에 필요한 피팅을 생각해서 여유분까지 추가하여 구매하도록 하자. 소프트 튜빙의 경우 배수로만 잘 구축하면 딴건 필요 없다. 그러므로 하드 튜빙(PETG, 동관)용 피팅에 더 포커스를 맞출 것 같네. 2 1. 컴프레션 피팅(Compression fitting) Compression(압축). 가장 많이 쓰이는 타입의 피팅이다. 매우 직관적이게도, 컴프레션 피팅은 튜브와 블럭, 또는 튜브와 튜브 사이에 고무 링 또는 튜브 자체를 압축시키는 원리로 누수를 방지하는 타입의 피팅이다. 이 피팅은 어떠한 파츠(블럭, 온도계 등)와 튜브를 연결시켜줄 때 쓴다. 소프트 튜브용 컴프레션 피팅의 경우, 튜브 안 쪽에 삽입되는 부분이 있기 때문에 본인이 사용할 튜브의 외경, 내경을 모두 맞추어서 구매하여야 한다. 그러나 하드 튜브용 컴프레션 피팅의 경우 튜브에 고무 링을 끼운 채로 피팅에 삽입하고, 그리고 겉에서 고무 링을 압착시켜 누수를 방지하는 형태이기 때문에, 튜브의 외경만 고려하여 구매하면 된다. 이 과정에서 튜브의 끝부분의 마감이 제대로 되지 않는다면 고무링을 찢어 먹는 상황이 생길 수 있으므로, 고무링은 10개 정도 여유분으로 사두자(근데 잘 안 찢어짐). 니가 만약 PVC 호스를 사용하여 앵글 피팅이 전혀 필요 없다면, 쓰는 파츠 X 2개만큼의 일반 컴프레션 피팅을 구매한다면 딱 맞는다. (물론 배수로는 따로 구축해야 하지만) 예) CPU 워터블럭 입수 출수(2), VGA 워터블럭 입수 출수(2), 라디에이터 두개 입수 출수(4), 펌프+물통 리턴 출수 (2), 온도계(2) = 12개 (컴프레션 피팅. 출처 : EKWB) 이 아래부터는 특수한 상황에서 필요한 피팅들인데, 주로 하드 튜브 빌딩에서 필요하다. 2 2. 앵글 피팅(Angle fitting 또는 Angle adapter) 하드 튜브는 보통 열을 가하여 본인이 원하는 모양대로 구부리는게 가능하지만, 밴딩 난이도가 매우 높거나(90도 등 직각이 아니면 까다로움) 중간에 피팅으로 포인트를 주고 싶은 경우에는 앵글 피팅을 사용할 수 있다. 앵글 피팅의 경우 각도별(보통 30, 45, 90도)로 꺾이기만 해 있는 피팅과, 꺾여 있음 + 회전 가능한 종류 가 있는데, 무조건 회전이 가능한 앵글 피팅을 구매하는 것을 추천한다(보통 360 degree rotate 등으로 써져 있음). 왜냐하면 회전 기능이 없으면 피팅을 돌려서 끼울 때 원하는 90도를 정확히 맞추기도 쉽지 않을뿐더러, 예상치 못한 이유로 생각했던대로 수로가 짜지지 않을 수도 있기 때문이다. 무조건 회전 되는걸로 사도록. 사진은 앵글피팅의 끝부분에 컴프레션 피팅을 추가적으로 장착하여 튜브를 장착하는 방식의 피팅이다. 저게 없이 애초에 컴프레션 피팅 일체형으로 나사만 풀면 튜브를 꽂을 수 있게 만들어놓은 것도 있음. (90도 회전식 앵글 피팅. 출처 : EKWB) 2 3. 확장 피팅(Extender fitting) – 범용 확장 피팅은 특수한 상황일 때 사용되는데, 예를 들어 나 같은 경우는 라디에이터에 팬을 장착하면 컴프레션 피팅이 두꺼워서 라디에이터 입/출수구에 장착이 불가능 했다. 그래서 팬의 두께정도 되는 암 수 확장 피팅을 구매해서, 암나사 부분에 컴프레션 피팅을 연결하는 방법으로 이를 해결하였다. 뿐만 아니라 로터리 피팅(한 개 피팅에 구멍이 여러 개 뚫려 물줄기를 나눌 수 있음)에 다른 피팅을 연결하고자 할 때 숫 숫 피팅이 필요하기도 하다 확장피팅은 암 수, 수 수, 암 암 등 너가 필요한 대로 구매할 수 있고, 길이 또한 3, 4종류 정도로 매우 다양하다. 확장 피팅이 갑자기 필요한 경우가 생겨서 추가 택배를 기다리는 불상사가 벌어지는 경우가 종종 있다. 확장피팅 또한 앵글 피팅과 같이 360도 회전이 되는 종류와, 안 되는 종류가 있다. 필요에 따라 구매하면 된다. 여기에 추가적으로 확장피팅은 길이가 조절되는 것도 있는데, 주로 이 피팅은 2개 이상의 그래픽카드를 수냉할 때 두 개의 워터블럭을 이어준다던지 하는 방식으로 사용하기도 한다. (많은 종류의 익스텐더. 출처 : EKWB) (출처 : ttorysystems) 2 4. 로터리 피팅(Splitter) – 범용 로터리 피팅은 위에서 잠깐 언급한 것처럼 구멍이 뚫려 있어 물줄기를 여러 갈래로 나눠주는 피팅으로, 배수로를 만들거나, 메인보드의 수온 센서를 장착하기 위해서는 무조건 구매하여야 한다. 그냥 필수라고 생각하면 된다. 보통 3 way, 4 way, 5 way 정도의 종류가 있고, 큐브 타입과 한쪽이 숫나사 형태인 타입이 있다. 나는 숫나사 타입의 로터리 피팅을 펌프에 바로 달아서 3갈래로 나누어, 하나는 발열체로 가는 수로, 하나는 메인보드에 부착할 수온 센서, 하나는 배수로로 사용하고 있다. (로터리 피팅. 출처 : EKWB) 2 5. 밸브 피팅(Valve) – 필수 커스텀 수냉 빌드를 완성했는데 부품을 갈거나, a/s를 보내기 위해 해체해야 할 때 냉각수를 빼야 하는데, 미리 배수로를 만들어 놓지 않았다면 매우 곤란해진다. 밸브 피팅은 배수를 편하게 만들어 주는 피팅으로, 그냥 수도꼭지라고 생각하면 된다. 바로 위의 로터리 피팅을 이용해 수로를 갈라놓고 한쪽에 밸브를 달아놓으면, 냉각수를 빼야 할 때 수도꼭지만 열어주면 바로 냉각수가 배출된다. 없는 것과 있는 것의 차이가 매우 큰 피팅 중 하나이므로, 무조건 구매하는 것을 추천한다. 잠깐 언급하자면 배수로의 경우 당연한 얘기지만 최대한 아래 쪽에 만들어 두는 것이 중력에 의해 냉각수가 배출되게끔 하기 편리하다. (밸브 피팅. 출처 : Barrow) 2 6. 플러그 피팅(Plug fitting) – 필수 구멍을 막아주는 피팅이다. 로터리 피팅을 썼을 때 남은 구멍을 막아주거나, 물통 위의 남은 구멍을 막아주거나 할 때 쓴다. 플러그는 가격도 싸고 해서 여러 개 주문해 놓는 것을 추천하는데, 그 이유는 수로를 해체할 때 매우 유용하게 쓰이기 때문이다. 1차적으로 배수로를 이용하여 냉각수를 모두 배출시킨 뒤, 수로를 하나 하나 뜯으면서 블럭과 라디에이터의 구멍을 전부 플러그로 막으면 매우 쉽게 수로를 해체할 수 있다. (플러그 피팅. 출처 : ttorysystems) 2 7. 수온 센서(Temperature sensor) – 개인적으로 필수라고 생각 수온 센서는 아무 위치에나 추가하면 그 부분을 지나가는 냉각수의 온도를 재 준다. 재면 끝이 아니라, 보드의 수온 센서 단자에 연결하면 바이오스상에서 해당 정보를 읽을 수 있다. 나는 이 수온 정보를 PWM 소스로 사용해서 쿨링 팬을 돌리는 것이 가장 이상적인 방식이라고 생각해서, 개인적으로 필수라고 생각한다. 마찬가지로 로터리 피팅을 이용하여 추가 해주는 파츠이다. (수온 센서 피팅. 출처 : ttorysystems) 2 8. 가시화 장치(Monitoring parts) – 개인적으로 필수 온도계와 플로우 인디케이터, 유량계가 여기에 해당된다. 개인적으로 온도계를 그때그때 모니터링 프로그램을 이용하여 확인하는 것은 상당히 귀찮으므로, 본체 슥 보면 수온이 보이게끔 하는게 좋다고 생각한다. 다음으로 플로우 인디케이터나 유량계는 둘 다 냉각수의 흐르는 속도를 가시화 시켜주는 장치인데, 유량계는 보통 L/min 으로 표시되는 LCD가 있고, 인디케이터는 내부의 바람개비가 돌아가는 속도로 가늠해볼 수 있다. 개인적으로 유량계는 플로우 인디케이터 하나면 충분하다고 생각된다. 유량계는 혹시 워터블럭에 이물질이 끼거나, 펌프에 문제가 있거나 할 때 색이 있는 냉각수는 육안으로 유속을 확인하기가 좀 까다로우므로 꼭 있어야 한다고 생각한다. (Bitspower의 플로우 인디케이터. RGB도 달려 있음. 출처 : ttorysystems) 2 9. 압력배출 피팅(Pressure valve) – 없어도 됨 처음 냉각수를 주입할 때, 안에 기포가 들어가기가 매우 쉽다. 기포는 본체를 조금 기울여 주거나, 펌프를 강하게 돌리거나 하면 빠지는데, 보통 수냉 빌드는 완전히 밀폐되게끔 구멍을 모두 막아주기 때문에 그때 그때 분리해서 공기를 빼주는게 귀찮기 마련이다. 그것을 해결해주기 위한 피팅으로, 위쪽을 누르면 들어가서 공간이 생기게끔 만들어 놓은 피팅이다. 개인적으로 필수는 아니라고 생각하는데, 그 이유는 일반적으로 플러그 피팅보다 크기가 좀 커서 난 살짝 거슬리는 것 같다. 플러그 피팅 푸는 데 시간이 그렇게 오래 걸리는 것도 아니고.. 난 일단 달아 놓기는 했음;; (압력 배출 피팅. 출처 : ttorysystems) 이외에도 낙하음 방지 피팅, 물통에 추가할 수 있는 LED 피팅 따위가 있는데, 얘네들은 필수보단 튜닝의 범주로 넘어가므로 궂이 설명해주진 않겠다. 이런 애들을 살까 고민하는 정도면 이미 이 글이 필요하지는 않을 거임 ㅋㅋ 글이 너무 길어서 여기까지만 쓰고(개 힘듬), 다음 번에는 펌프와 물통, 라디에이터, 관재 정도를 설명하면 되겠고.. 설명 끝나고 나면 이제 브랜드와 구매처 소개를 해주게따. 읽느라 수고가 많았음 출처: 컴퓨터 본체 갤러리 [원본보기] 추천검색 추천 비추천 71 32 개념 추천 개념 비추천 1 힛추 공유 신고 원본 첨부파일 5 valve ttory.jpg EK PLUG ttory.jpg thermal sensor ttory.jpg indicator bitspower.jpg pressure valve ttory.jpg"
"2018-10-19 16:15:33","http://gall.dcinside.com/board/view/?id=superidea&no=160960&t=cv&s_type=search_all&s_keyword=그래픽카드&page=1","(씹스압, 사진많음) 커스텀 수냉 가이드 2   수냉 파츠 1탄","초개념 갤러리","sylphe","10 14 10:00:02","추천검색 추천 비추천 71 32 개념 추천 개념 비추천 1 힛추 공유 신고 원본 첨부파일 5 valve ttory.jpg EK PLUG ttory.jpg thermal sensor ttory.jpg indicator bitspower.jpg pressure valve ttory.jpg"
"2018-10-19 16:15:33","http://gall.dcinside.com/board/view/?id=superidea&no=160665&s_type=search_all&s_keyword=그래픽카드&page=1","수정)그래픽카드 인식안되는 빌런","초개념 갤러리","This is Evel","10 10 17:00:01","비번 까먹어서 수정못하고 다시 올림.. ㅋㅋ 형들 말대로 그래픽카드에 꽂았는데 모니터가 안켜짐 아까도 이래서 위에다 꽂는건가? 하고 꽂은건뎅.. ㅠㅠ   dc official App 출처: 컴퓨터 본체 갤러리 [원본보기] 추천검색 추천 비추천 26 10 개념 추천 개념 비추천 3 힛추 공유 신고 원본 첨부파일 4 20181010_121530.jpg 20181010_121230.jpg 20181010_121131.jpg 20181010_122144.jpg"
"2018-10-19 16:15:34","http://gall.dcinside.com/board/view/?id=superidea&no=160665&t=cv&s_type=search_all&s_keyword=그래픽카드&page=1","수정)그래픽카드 인식안되는 빌런","초개념 갤러리","This is Evel","10 10 17:00:01","추천검색 추천 비추천 26 10 개념 추천 개념 비추천 3 힛추 공유 신고 원본 첨부파일 4 20181010_121530.jpg 20181010_121230.jpg 20181010_121131.jpg 20181010_122144.jpg"
"2018-10-19 16:15:35","http://gall.dcinside.com/board/view/?id=superidea&no=160517&s_type=search_all&s_keyword=그래픽카드&page=1","그래픽카드 사제쿨러 설치후기 3","초개념 갤러리","보험사기킹","10 09 10:00:02","그래픽카드용 사제쿨러중 가장 유명한 아틱의 엑셀레로 익스트림 시리즈다 사실 원래 이거하나만 살려다가 레퍼만 호환이 된다는 이야길 듣고 전글의 듣보잡들을 보험삼아 산거임 몬가 브가지지대같은것도 들어있음 엄청 큰 방열판이 한개가 있고 전글의 쿨러들과는 달리 작은 방열판들이 따로 없음 설명서를 읽어보니 이 쿨러는 이걸 PCB 뒤에 장착하는걸로 전원부나 브가램 쿨링을 다 하는것 같음 근데 이 방식이 좋은진 잘 모르겠다 나중에 전글에 사용된 쿨러들 부속품에 있던 작은 방열판도 같이 구성해서 써봐야겠음 존나친절하게 써멀구리스도 미리 도포되있고 팬도 달려있고 브라켓도 끼워져있음 기판 뒷면에 써멀패드를 붙여야 하다보니 난이도가 높음 이 필름이 있어야 방열판과 PCB가 직접적으로 맞닿아 쇼트가 일어나는일이 없을것 칼질하느라 애먹음 진행과정 70%정도 되어서 알았는데 부속품이 없음ㅋㅋㅋ 5.5mm 흰색 와셔가 있어야 하는데 없는거임 거기다가 심지어 2층짜리 HDMI단자랑 히트파이프가 부딪혀서 장착자체가 불가능함 그래서 극약처방으로 넘어감 히트파이프 머리를 두들기다보니 커브드에디션이 되어버림 하지만 장착은 잘됨 없는 5.5mm 흰색 와셔는 집에있는 PCB 절연와셔 7개를 쌓으면 5.5mm가 된다는 사실을 깨닫고 이걸로 대체함 완벽 나사를 조이고 클램프로 고정을 해줘야 하는데 비레퍼런스 카드라 PCB 모양이 앞으로 툭튀어나온것이 있어 앞쪽을 클램프로 고정시켜줄 수가 없음 그리고씨발 다하고나서 보니까 쿨링팬 안꽂음 원랜 이짤처럼 클램프 측면나사와 지지대를 결합해서 두가지 기능을 동시에 얻을수 있었음 쿨러설계자체는 좋은것같다 테스트를위해 꽂음 결론은 2편이랑 큰 온도차이가 없는데 이건 써멀패드 접착력에 의존하는 방식이 아니라서 아틱제품이 좀 더 좋은것 같음 근데씨발 사진으로 보이듯 그래픽카드를 꺼내야되는데 백플레이트 방열판 때문에 그래픽카드 슬롯 걸쇠에 손을 집어넣을수가 없음 이제 강화유리 없는 케이스를 사서 저것들을 안보이게 하면 끝남 1편   http://gall.dcinside.com/board/view/?id=pridepc_new3&no=8301412&exception_mode=recommend&page=1 2편   http://gall.dcinside.com/board/view/?id=pridepc_new3&no=8301470&exception_mode=recommend&page=1 출처: 컴퓨터 본체 갤러리 [원본보기] 추천검색 추천 비추천 36 14 개념 추천 개념 비추천 3 힛추 공유 신고 원본 첨부파일 20 20181008_151054.jpg 20181008_151135.jpg 20181008_151210.jpg 20181008_151235.jpg 20181008_151403.jpg 20181008_153732.jpg 20181008_155704.jpg 20181008_161011.jpg 20181008_161016.jpg 20181008_161336.jpg 20181008_162324.jpg 20181008_163044.jpg 20181008_163214.jpg 20181008_164052.jpg 20181008_164141.jpg 20181008_164507.jpg 20181008_164706.jpg 20181008_165322.jpg jboxh3.png 20181008_162711.jpg"
"2018-10-19 16:15:36","http://gall.dcinside.com/board/view/?id=superidea&no=160517&t=cv&s_type=search_all&s_keyword=그래픽카드&page=1","그래픽카드 사제쿨러 설치후기 3","초개념 갤러리","보험사기킹","10 09 10:00:02","추천검색 추천 비추천 36 14 개념 추천 개념 비추천 3 힛추 공유 신고 원본 첨부파일 20 20181008_151054.jpg 20181008_151135.jpg 20181008_151210.jpg 20181008_151235.jpg 20181008_151403.jpg 20181008_153732.jpg 20181008_155704.jpg 20181008_161011.jpg 20181008_161016.jpg 20181008_161336.jpg 20181008_162324.jpg 20181008_163044.jpg 20181008_163214.jpg 20181008_164052.jpg 20181008_164141.jpg 20181008_164507.jpg 20181008_164706.jpg 20181008_165322.jpg jboxh3.png 20181008_162711.jpg"
"2018-10-19 16:15:37","http://gall.dcinside.com/board/view/?id=superidea&no=160473&s_type=search_all&s_keyword=그래픽카드&page=1","그래픽카드 사제쿨러 설치후기 1","초개념 갤러리","보험사기킹","10 08 17:00:02","쓰고있는 기가바이트 gtx1080ti가 온도를 존나 못잡아서 뭔 겜만 하면 팬속이 미쳐날뛰고 비행기 이륙음이 들려서 브가사제쿨러를 사봤다 뭐가 호환이 될지 몰라서 그냥 아마존에 파는거 세개 집어담았다 문제의 기가바이트 GTX1080ti 사실 이건 기가바이트 GTX1080ti 워터블럭 제품을 샀다가 커수냉탈출은 지능순임을 뒤늦게 깨닫고 공랭쿨러만 타오바오에서 산거다 2080ti도 출시했겠다 이리저리 뜯고맛보고 즐기다가 고장나면 버리고 2080ti 살맘먹고 험하게 다루기로 첫번째타자는 RAIJINTEK Morpheus II CORE Edition 이다 레진텍은 국내에도 유통되고 있고 그 유통사는 몬스타기어 이므로 레진텍 제품은 직구를 추천한다 난 저런새끼들이 돈을 벌어들인다는 사실 자체가 짜증난다 구성품이 꽤 괜찮은 편인데 써멀패드와 써멀구리스는 한눈에봐도 저품질이다 난 사실 레진텍의 케이스랑 팬은 사본적 있어도 쿨러는 첨인데 내가본 어떠한 제조사보다 베이스가공이 병신같다 브가램이랑 전원부용 방열판들이다 대부분의 브가사제쿨러는 이런식의 방열판을 이용하기 때문에 히트싱크를 한번 거친 바람을 맞게되서 일반적인 비레퍼 쿨러들보다 브가램과 전원부의 발열 해소는 한수 아래라고 보면 된다 120MM 25T 팬과 120MM 13T팬용 클립이 있다 브라켓장착 써멀패드는 거의 접착제와 같다 이렇게 될 수 밖에 없는게 저 작은 방열판들이 수평으로 메달려있기 때문에 써멀패드가 어느정도의 접착력이 없으면 떨어지기 때문일것 결론만 말하자면 RAIJINTEK Morpheus II CORE Edition 이 제품은 사용이 불가능 전원부 히트싱크가 서로서로 간섭을 일으키는 병신같은 구조로 되어있음 2편에서 출처: 컴퓨터 본체 갤러리 [원본보기] 추천검색 추천 비추천 22 9 개념 추천 개념 비추천 2 힛추 공유 신고 원본 첨부파일 9 20181008_124244.jpg 20181008_124757.jpg 20181008_125357.jpg 20181008_125518.jpg 20181008_125601.jpg 20181008_125952.jpg 20181008_130000.jpg 20181008_130342.jpg 20181008_130552.jpg"
"2018-10-19 16:15:38","http://gall.dcinside.com/board/view/?id=superidea&no=160473&t=cv&s_type=search_all&s_keyword=그래픽카드&page=1","그래픽카드 사제쿨러 설치후기 1","초개념 갤러리","보험사기킹","10 08 17:00:02","추천검색 추천 비추천 22 9 개념 추천 개념 비추천 2 힛추 공유 신고 원본 첨부파일 9 20181008_124244.jpg 20181008_124757.jpg 20181008_125357.jpg 20181008_125518.jpg 20181008_125601.jpg 20181008_125952.jpg 20181008_130000.jpg 20181008_130342.jpg 20181008_130552.jpg"
"2018-10-19 16:15:38","http://gall.dcinside.com/board/view/?id=superidea&no=160017&s_type=search_all&s_keyword=그래픽카드&page=1","지포스 RTX 2080 Ti FE 컴본갤 리뷰","초개념 갤러리","GV200","10 03 17:00:03","일단 디자인이 정말 멋져. 파스칼 파운더스도 디자인 괜찮다고 생각했는데, 튜링 파운더스는 이제까지 본 그래픽카드 중에 가장 예쁨. 팬도 듀얼 팬이라 노오버시에는 풀로드 70도 중반으로 양호하고 코어+120 오버까지는 80도에서 방어 가능. 파이어 스트라이크 타이탄V 코어+ 100, 메모리 + 80 오버. 내꺼 타이탄V는 뿔딱이라 오버가 거의 안됐어. 파이어 스트라이크 RTX 2080Ti 기본 점수 파이어 스트라이크 RTX 2080Ti 코어 + 170, 램 + 1000. 타이탄V 타임스파이 점수 RTX2080Ti 타임스파이  쉐도우 오브 툼레이더 3840x2160, 최대 옵션 타이탄V 평균 60프레임 쉐도우 오브 툼레이더 RTX 2080Ti 3840x2160, 최대 옵션 평균 64프레임 RTX 2080Ti 디비전 3840x2160, 가장 높음 그래픽 세팅 평균 78.6 RTX 2080Ti 파크리아5 3840x2160, 가장 높음 그래픽 세팅 평균 81 타이탄V   스타워즈 배틀프론트2 4K HDR + 최대 그래픽 세팅   93프레임 RTX 2080Ti   스타워즈 배틀프론트2 4K HDR + 최대 그래픽 세팅   109프레임 타이탄V의 경우 HDR을 켜면 프레임 저하가 꽤 있는데 RTX 2080Ti는 HDR을 켜도 프레임저하가 거의 없어. 배틀프론트2의 경우 1프레임 떨어지더라 HDR을 켜고 비교하면 타이탄V보다 프레임차이가 좀 나는 편이야. 시스템 스펙 8700K 5.2Ghz(삼디마크시엔 5.3), 램 32GB (3330), RTX 2080Ti (게임테스트시 실사용 오버 코어+120, 램+500) 총평 타이탄V에서 업그레이드 체감이 큰편은 아니지만 G SYNC HDR을 켜면 그래도 프레임 차이가 좀 있는 편이야. 1080Ti나 타이탄Xp에서 업그레이드 하는 사람들은 성능 자체는 체감이 팍팍 될꺼야~ HDR사용자라면 훨씬더 체감이 잘될꺼고 기쿨 좋아져서 온도도 예전 파스칼 파운더스 쿨러보다 쿨링이 훨씬 잘되고 조용해. 오버도 팍팍 잘들어가고 점수 놀이 하는 재미도 좀 더 있을거 같음. 무엇보다 디자인이 너무 예뻐서 한개 더 사서 NVLINK하고 싶네. 요즘 좀 바빠서 게임을 잘못했는데 이제 새로 나오는 게임들 좀 돌려봐야겠다 ㅎㅎㅎ 출처: 컴퓨터 본체 갤러리 [원본보기] 추천검색 추천 비추천 67 24 개념 추천 개념 비추천 2 힛추 공유 신고 원본 첨부파일 15 M1.png P1.png P.png 01.png 02.png 03.png T01.PNG T022.png S01.png S02.png D2.png F02.png SB01.png SB02.png D1.jpg"
"2018-10-19 16:15:39","http://gall.dcinside.com/board/view/?id=superidea&no=160017&t=cv&s_type=search_all&s_keyword=그래픽카드&page=1","지포스 RTX 2080 Ti FE 컴본갤 리뷰","초개념 갤러리","GV200","10 03 17:00:03","추천검색 추천 비추천 67 24 개념 추천 개념 비추천 2 힛추 공유 신고 원본 첨부파일 15 M1.png P1.png P.png 01.png 02.png 03.png T01.PNG T022.png S01.png S02.png D2.png F02.png SB01.png SB02.png D1.jpg"
"2018-10-19 16:15:40","http://gall.dcinside.com/board/view/?id=superidea&no=159995&s_type=search_all&s_keyword=그래픽카드&page=1","386 CPU 3종 ISA/VLB 환경 Doom 벤치마크","초개념 갤러리","ClairOrange","10 03 17:00:03","둠은 아시다시피 도스시절 최고의 게임중 하나다. 팬들도 많았고.. 저도 iddqd idkfa idclip idspispopd 이정도는 지금도 외우고 있을 정도니 말 다했지. 하지만 정말 사양이 높은 게임이었음. 내가 둠을 처음 접했을때는 386sx 16mhz였는데, 심시티2000을 하겠다고 램을 4mb로 확장했음에도 불구하고, 게임이 불가능할 정도로 느려서 결국 486dx2 66mhz로 업그레이드를 하고 나서야 즐겼던 기억이 있어. 그마저도 둠2의 끝판에서는 하드스왑때문에 게임을 못할 지경이었지.. 해외에서는 이 둠으로 레트로 기기들의 벤치마크를 하는 방법도 꽤 널리 퍼져 있어서 한번 여러가지 방법으로 벤치마크를 돌려 봤다. cpu는 amd 386dx 40mhz, ti 486dlc 40mhz, cyrix 486drx2 66mhz를 사용하였고, 모두 386 cpu임. 요 세놈이 오늘의 선수다. AMD 386DX 40MHz는 인텔의 33MHz 386을 때려잡고 시장을 평정한 걸출한 놈이지. TI 486DLC는 Cyrix 486DLC와 같은 놈인데, 40MHz FSB를 이용한 빠른 캐시/메모리 속도가 장점이고, 1KB L1 캐시를 갖고있어. Cyrix 486DRx2는 외부 버스는 33MHz를 사용함으로써 486DLC에 비해 캐시/메모리 속도가 20%정도 떨어지지만,  내부로는 66MHz로 작동하여 클럭빨로 밀어붙이는 놈이야. 또한 1KB L1캐시를 내장하고있고, 메인보드에서 제대로 인식시켜주기위해서 소프트웨어 디스켓도 동봉되어있고. 꼭 디스크를 쓰지 않아도 되긴 하지만 개미눈꼽만큼 성능이 떨어짐. 컴박에 이걸 올렸을때 네이버 카페 메인에 갔던 기억이 난다. 그만큼 구경하기도 힘든 놈이야..  그래픽카드는  Cirrus CL GD5428 VLB 2MB 32비트 메모리 버스를 가진 베사 로컬방식 그래픽카드로, ISA에서 발생하는 병목 현상과 더 높은 대역폭을 갖고있어서 삼성 금성(헬지)을 비롯한 많은 회사들이 앞다투어 채용했던 카드야. 조립컴퓨터도 비싼 제품에는 들어가긴 했지만, 조립을 사려는 목적이 대부분 가격을 절감하기 위해서였던만큼, ISA 그래픽카드(트라이던트 8900같은거)를 사용해서, 어? 내가 486DX2 50MHz의 초고속 컴퓨터인데 왜 486DX 33MHz랑 차이가 없지? 이런 어리둥절을 만들어뒀던 장본인이기도 하지. 도스에서의 성능은 지금 봐도 매우 뛰어난 편이야. 다만 윈도우에서의 성능은 그렇게 좋지 못하다는 단점이 있지. 윈도우에서 이 카드를 쓰면 지글지글거리는거 끝내준다. Cirrus Logic CL GD5434 ISA 1MB 씨러스로직의 GD5434는 64비트 메모리 버스를 갖추고 있는 64비트 그래픽 카드인데, 동영상 성능이 그닥이지만 자체 성능이 상당히 빠르고 호환성이 괜찮았던 관계로 수많은 컴퓨터에 OEM으로 납품되었어. 삼성 매직스테이션 펜티엄1은 거의 이 5434랑 5446이 들어가 문제는 걔들은 다 PCI 그래픽카드고 이놈은 같은 칩을 장착한 ISA 그래픽카드야. 물론 ISA그래픽카드중 가장 빠르고 화질좋은놈중 하나지. ISA버스를 한계까지 사용하기때문에 5434의 제성능을 다 내진 못하지만, 그래도 ISA컴퓨터를 꾸리고자 한다는 이놈외에는 대안이 없는편임. 가격도 무지 비싸다. Cirrus Logic CL GD5434 VLB 1MB 같은 5434칩 베사로컬버스 카드인데, 이놈도 귀한편이야. 저 ISA와 같이, 구형 컴퓨터에도 사용가능하다는 이점이 있으니까. 게다가 이놈은 베사로컬버스라서 PCI에 비해 성능상으로도 딸리는게 없어서, 사실상 베사로컬버스가 사용가능한 386계열 PC에서는 끝장판 그래픽카드나 다름없지. 이거보다 더 올라가면 그나마 S3? ATI(AMD)? 걔들도 성능에서는 얘랑 크게 다를바없어 색감이 좀더 좋아질뿐이지.. 이상 3가지 종류로 비교했어. 386DX부터 볼까. https://youtu.be/EAPnbZjOOxQ 386DX 40 + GD5434 1MB ISA의 결과는 유투브에서 'I=(에프)K'라는 단어를 금지어로 진행해서 못달았다.  유투브에서 Doom benchmark   AMD 386DX 40MHz + CL GD5434 1MB VLB 로 검색하면 내가 올린 영상이 있음. https://youtu.be/8 rJcTLY8GE 386DX에서 둠을 돌린 기억이 있다면 이런 속도로 돌린거야. 경우에 따라서는 좀 더 느릴수도 있고, 이 그래픽카드는 이래뵈도 성능이 꽤 좋거든. 10,154 realtics로 fps로 환산하면 7.35 fps/sec 야. 386환경에서 VLB 그래픽카드로도 테스트해보고 싶었지만.. 내가 갖고있던 OPTI 495SLC보드가 현재 좀 맛이 가는바람에 대체 보드를 투입했는데, 이 보드는 386DX 40MHz에서 VLB그래픽카드 구동시 중간에 화면이 나가는 문제가 있더라고.. VESA ID를 바꾸면 될것같기도 한데 일단 추후 테스트 예정이야.. (알고보니, FasMath와 AMD 386DX 40MHz+VLB간의 충돌이더라..) AMD 386DX 40MHz + CL GD5428 VLB 2MB 9,124 realtics (8.19 fps) AMD 386DX 40MHz + CL GD5434 VLB 1MB 8,986 realtics (8.31 fps) AMD 386DX 40MHz + CL GD5434 ISA 1MB 10,154 realtics (7.35 fps) 486DLC 40MHz를 볼까? https://youtu.be/EzJfuCAVfdQ https://youtu.be/NvVS9KtNr10 https://youtu.be/O1m Q7XhSVY 위부터 5428 VLB, 5434 VLB, 5434 ISA야. 역시 ISA그래픽카드는 성능이 심하게 떨어지네. 5428에서 5434는 그래도 큰 차이가 나지 않지만 ISA 5434는 정말 심하게 떨어진다. 물론 비디오램이 1MB라서 32비트 모드로 동작한다고 쳐도, 5428은 원래 32비트인걸.. 그리고 같은 1MB 비디오램 환경에서 버스만 ISA가 아닌 VLB인 5434 VLB는 가장 좋은 성능을 내어주고. ISA를 사용한다면 성능을 크게 희생해서 사용하신다고 보시면 되겠다. TI 486DLC 40MHz + CL GD5428 VLB 2MB 5,838 realtics (12.79 fps)  TI 486DLC 40MHz + CL GD5434 VLB 1MB 5,813 realtics (12.84 fps)  TI 486DLC 40MHz + CL GD5434 ISA 1MB 6,621 realtics (11.28 fps) 의 결과가 각각 나왔어. 486DRx2는 두가지 방법으로 테스트해봤는데, 싸이릭스가 동봉한 486Drx2용 소프트웨어를 설치한것과 설치하지 않은것으로 했다. 설치한것부터 볼까? 시키는대로 하는게 제작사가 의도한 성능이 나올테니말이지. https://youtu.be/kTkd8FZjOUY https://youtu.be/IPp316s2TCc https://youtu.be/vmZN3jwlbus CPU가 빨라지니까 ISA/VLB간의 차이가 더더욱 벌어지네. ISA는 486DLC에 비해서 조금밖에 빨라지지 않은 반면에 VLB 486DLC에 비해서 27.6%까지 성능차이가 난다. CPU속도가 빨라질수록 ISA버스는 병목이 걸려서 제대로된 성능을 발휘하지 못한다는 말이 되겠네. Cyrix 486DRx2 66MHz (with 486drx utility) + CL GD5428 VLB 2MB 4,705 realtics (15.87 fps) Cyrix 486DRx2 66MHz (with 486drx utility) + CL GD5434 VLB 1MB 4,556 realtics (16.39 fps) Cyrix 486DRx2 66MHz (with 486drx utility) + CL GD5434 ISA 1MB 5,938 realtics (12.57 fps) 그러면 소프트웨어 없이 우격다짐으로 한번 다시 돌려볼까? https://youtu.be/dW1OpcHMdEA https://youtu.be/wDdfEkWKYz0 https://youtu.be/S_EbIwLshFc 모든 그래픽카드에서 5%내외의 성능 하락이 있네.. 역시 하라는건 해야되나보다.. 역시 소프트웨어는 설치해주는게 좋은거야. 괜히 끼워준게 아닌듯.. 그래프로 정리해보면 realtics는 낮을수록 좋고, fps는 높을수록 좋다. 몇가지 깨달은점은 1. ISA보다는 무조건 VLB가 낫다. 2. CPU가 빠를수록 ISA 그래픽카드를 사용하면 손해이다.(I/O카드도 마찬가지겠지요.) 3. 제작사에서 설치하라고 끼워준 프로그램은 설치하자. 이다. 긴 글 읽느라 수고했다. 물어볼거 있으면 댓글로 달아놔. 답해줄께.. 출처: 컴퓨터 본체 갤러리 [원본보기] 추천검색 추천 비추천 58 21 개념 추천 개념 비추천 1 힛추 공유 신고 원본 첨부파일 7 d1.jpg d2.jpg d3.jpg d5.jpg d4.jpg d6.png d7.png"
"2018-10-19 16:15:41","http://gall.dcinside.com/board/view/?id=superidea&no=159995&t=cv&s_type=search_all&s_keyword=그래픽카드&page=1","386 CPU 3종 ISA/VLB 환경 Doom 벤치마크","초개념 갤러리","ClairOrange","10 03 17:00:03","추천검색 추천 비추천 58 21 개념 추천 개념 비추천 1 힛추 공유 신고 원본 첨부파일 7 d1.jpg d2.jpg d3.jpg d5.jpg d4.jpg d6.png d7.png"
"2018-10-19 16:15:42","http://gall.dcinside.com/board/view/?id=superidea&no=158883&s_type=search_all&s_keyword=그래픽카드&page=1","오락실 게임기 본체뜯고 청소함 (노잼/스압)","초개념 갤러리","리듬동글이","09 21 11:09:01","밤에 심심하니 그냥 한 번 올려봄 오늘 뜯은 본체는 렛츠고 정글 본체 (사진 중앙에서 왼쪽, 차 모양) 몇 일 전에는 후면이랑 상단 배기구 뜯어서 청소함 대략 이런.. 아래 사진은 트럭 내부 앉는 자리 위에 배기구 사진임, 아예 막혀서 하나는 고장나고 하나는 그래도 좀 돌아가더라 몰랐는데 게임기 본체가 게이머 좌석 아래에 있음 저거 아래 나사 풀고 잡당기면 통으로 빠짐 빼내고 본체만 또 분리함 뜯었을 때 모습, 진짜 개노답임 ㅜㅜ 얘는 잘 닦였는데 방열판 시바 ㅈㄴ 안닦임.. 펜티엄 머시기네 옆에 방열판 붙어있는 뭔가 있는데 이 뭔가가 뭔지 궁금해죽겠음 그래픽카드 달려있는데 그래픽은 아닌것같기도하고 모르겠음 CPU팬은 따로분리해서 물청소하고 구리스 바르고 닫고 방열판 진짜 존나 긁었는데 괜찮은지 모르겠다 ..ㅜㅜ 시간이 없ㅇㆍ서 이친구는 내일 모레 뜯기로.. 이친구도.. 슈퍼루브 구리스랑 잘만 써멀구리스 다행스럽게드 똥손인데 잘 켜졌음, 잘 되겠지 출처: 컴퓨터 본체 갤러리 [원본보기] 추천검색 추천 비추천 36 19 개념 추천 개념 비추천 1 힛추 공유 신고 원본 첨부파일 20 cs 20180523 100736 000.png PSX_20180920_194238.jpg 20180919_193533.jpg 20180916_111158.jpg 20180916_143203.jpg 20180920_205206.jpg 20180920_205222.jpg 20180920_210839.jpg 20180920_211010.jpg 20180920_215420.jpg 20180920_215930.jpg 20180920_215431.jpg 20180920_215801.jpg 20180920_220153.jpg 20180920_220517.jpg 20180920_220524.jpg 20180920_220627.jpg 20180920_220842.jpg 20180920_221026.jpg 20180920_221621_HDR.jpg"
"2018-10-19 16:15:42","http://gall.dcinside.com/board/view/?id=superidea&no=158883&t=cv&s_type=search_all&s_keyword=그래픽카드&page=1","오락실 게임기 본체뜯고 청소함 (노잼/스압)","초개념 갤러리","리듬동글이","09 21 11:09:01","추천검색 추천 비추천 36 19 개념 추천 개념 비추천 1 힛추 공유 신고 원본 첨부파일 20 cs 20180523 100736 000.png PSX_20180920_194238.jpg 20180919_193533.jpg 20180916_111158.jpg 20180916_143203.jpg 20180920_205206.jpg 20180920_205222.jpg 20180920_210839.jpg 20180920_211010.jpg 20180920_215420.jpg 20180920_215930.jpg 20180920_215431.jpg 20180920_215801.jpg 20180920_220153.jpg 20180920_220517.jpg 20180920_220524.jpg 20180920_220627.jpg 20180920_220842.jpg 20180920_221026.jpg 20180920_221621_HDR.jpg"
"2018-10-19 16:15:43","http://gall.dcinside.com/board/view/?id=superidea&no=158860&s_type=search_all&s_keyword=그래픽카드&page=1","RTX2080 방문수령해서 받아왔다 개봉기 간다 (스압)","초개념 갤러리","Dayruuner","09 21 10:00:03","안녕 게이들아 난 30대 법인사업자 임 사실 2080 기능 다쓰지도 못하고 필요도 없지만 사고싶어서 샀음 8월20일에 2080 공개후에 11번가에서 바로 예약구매해서 씨발 한달만에 드디어 수령했다 택배키실랬더니 오늘부터 택배들 안한대서 걍 기다리기싫어서 용산가서 방문수령함 어차피 회사도 가깝고 퇴근해서 바로 개봉기 들어간다  일단 박스는 이렇게생김 난 2080ti 아니고 걍 2080샀다 108만원에 ti는 여기서 60만원을 더줘야되서 걍 포기함 1차예약구매했을때 108만원이었는데 열흘인가? 있다가 다시 11번가 가서 확인하니까 118만원이 되어있더라고?? 그래서 깜짝놀래서 전화했는데 1차예약자는 그가격 그대로고 이건 2차예약자 가격이라고해서 안심했다 그래서 걍 묵묵히 존버함 그리고 오늘 받음 박스에 써있는 문구들.... 최소사양에 무적권 윈도우 10이라고 써있어서 띠용했다 얼마전까지 7쓰다가 윈10 정품샀는데 이왕 잘됬다 싶었음 비닐까고 원박스 빼고나서.... 열고나니 이렇게 똭... 반가웠음 3팬짜리 그래픽카드는 처음써보는지라 왠지모르게 뭔가 거대해보였다 걍 한칸 늘어난것을 쓰는건데...  비닐포장 때낸후 나는 이거 아예 무광 플라스틱인줄알았는데 팬이랑 겉면이 살짝 비치는 아크릴같더라 쓸대없이 옆도 한번 비춰보고.... 뒷판도 괜히 한번 비춰보고..... 뒷면에 그 양쪽 나사돌려서 꼽는 그 뭐라고해야되지 모니터 코드??? 그런게 없이 그냥 디피포트랑 HDMI만 있더라? 8핀에 보조 6핀.... 이건 박스에 같이 들어있길래 뭐지? 했는데 장패드 한장 넣어주더라... 살까 고민했었다가 잊고있었는데 마침 잘됬다 싶었음 초기물량 구매자한테 그냥 증정한다대 박스안에 들어있었음 꼽고 드라이버 설치하고 뭐 잘 돌아가더라 소음은 거의 없음 지금 한시간째 돌리고있는데 열이많이나서 3팬일것이다 라는소리가 많아서  카드에 대봤는데 팬돌아가긴하는데 열이 많이나진 않는거같음 팬돌아가는소리도 사실 귀대지않는이상 거의 안들림 개인적으론 솔직히 만족함  차를 바꾸려다가 계획이 좀 몇달뒤로 미뤄져서 컴퓨터 나 새로 사자 하고 저번달부터 견적짜면서 컴퓨터 새로사고 1080ti 로 살려다가 2080나온다는 소리듣고 존버했는데 가격은 1080ti랑 별 차이없더라 아니 오히려 내가 이거 예약구매할 즈음엔 같은 이엠텍 1080ti가 더 비쌌음 그래서 걍 주문해놓고 기다리자 한일주일안에 오겠지 했는데 한달만에 받게될줄이야.... 지금 1080ti 얼마하는지 모르겠는데... 난 이거 108만원에 11번가에서 구매했음 사실 뭐 레이트레이싱이니 뭐니 그딴거 좆도 쓰지도않을거고 사실 게임한다고 해봐야 와우랑 스타 정도하는데 뭐 이렇게 비싼거 샀냐 라고 비웃는놈들도 있긴할거다 사실 요즘은 사업 바빠서 게임은 커녕 컴퓨터 잘 키지도 못할정도긴 하지만.... 걍 컴퓨터 맞추는김에 비싸게 좋게맞추자 하고 맞춘거라 난 그냥 만족함 한 2년간 잘썼다 고마웠어 1060 근데 먼지같은거 거의 안꼈네.... 이거 버리던지 냅뒀다가 달라는놈있음 줘야지 출처: 컴퓨터 본체 갤러리 [원본보기] 추천검색 추천 비추천 50 17 개념 추천 개념 비추천 7 힛추 공유 신고 원본 첨부파일 17 KakaoTalk_20180920_181728672.jpg KakaoTalk_20180920_181729034.jpg KakaoTalk_20180920_181729446.jpg KakaoTalk_20180920_181729851.jpg KakaoTalk_20180920_181730208.jpg KakaoTalk_20180920_181730688.jpg KakaoTalk_20180920_181731215.jpg KakaoTalk_20180920_181731729.jpg KakaoTalk_20180920_181732180.jpg KakaoTalk_20180920_181741504.jpg KakaoTalk_20180920_181755832.jpg KakaoTalk_20180920_181756117.jpg KakaoTalk_20180920_181756286.jpg KakaoTalk_20180920_181756533.jpg KakaoTalk_20180920_181757220.jpg KakaoTalk_20180920_181756720.jpg KakaoTalk_20180920_181756970.jpg"
"2018-10-19 16:15:44","http://gall.dcinside.com/board/view/?id=superidea&no=158860&t=cv&s_type=search_all&s_keyword=그래픽카드&page=1","RTX2080 방문수령해서 받아왔다 개봉기 간다 (스압)","초개념 갤러리","Dayruuner","09 21 10:00:03","추천검색 추천 비추천 50 17 개념 추천 개념 비추천 7 힛추 공유 신고 원본 첨부파일 17 KakaoTalk_20180920_181728672.jpg KakaoTalk_20180920_181729034.jpg KakaoTalk_20180920_181729446.jpg KakaoTalk_20180920_181729851.jpg KakaoTalk_20180920_181730208.jpg KakaoTalk_20180920_181730688.jpg KakaoTalk_20180920_181731215.jpg KakaoTalk_20180920_181731729.jpg KakaoTalk_20180920_181732180.jpg KakaoTalk_20180920_181741504.jpg KakaoTalk_20180920_181755832.jpg KakaoTalk_20180920_181756117.jpg KakaoTalk_20180920_181756286.jpg KakaoTalk_20180920_181756533.jpg KakaoTalk_20180920_181757220.jpg KakaoTalk_20180920_181756720.jpg KakaoTalk_20180920_181756970.jpg"
"2018-10-19 16:15:45","http://gall.dcinside.com/board/view/?id=superidea&no=158502&s_type=search_all&s_keyword=그래픽카드&page=1","정보) 소울워커 랙 줄이기 (스압 주의)","초개념 갤러리","유저1","09 17 10:00:01","소울워커 [개인] 프레임 최적화, 인터넷 설정 소울워커의 랙을 줄이고 함께 부드러운 그래픽으로 게임을 보다 효과적으로 즐길 수 있으면 하는 바램으로 이 글을 작성했습니다. * 이 설정 방식은 인텔 + 엔비디아(지포스,GTX 그래픽카드) 조합에 유효합니다. 1. 엔비디아(NVIDIA) 제어판    바탕 화면에서 마우스 우클릭을 하면 NVIDIA 제어판이 보입니다.     클릭해서 들어가면    이런 창이 뜹니다.    여기서 좌측에 있는 3D 설정 관리 클릭 후    오른쪽에 프로그램 설정을 눌러 줍니다. 사용자 정의할 프로그램 선택에서 소울워커가 없다면    옆에 추가를 눌러 찾아줍시다.       프로그램 선택 했다면 이제 옵션을 조정해 주면 됩니다.    아래에 있는 (프로그램에 대한 설정 지정)을 확인해 봅시다.       삼중 버퍼링   켜기           수직 동기   3D 응용 프로그램 설정       스레드 최적화   자동 or 끄기   (끄는것을 추천합니다)       이방성 필터링   4x 이상 (1060 이상 유저에게 추천합니다.)           최대 사전 렌더링 프레임   2 ~ 3  (이방성 필터링은  그래픽을 흐릿하지 않고 깔끔하게 보이게 해주는 기능으로 사양이 높다면 조금더 높여서 사용해도 좋습니다.) 엔비디아 제어판 설정은 여기서 끝입니다. 2. 게임(소울워커) 안에서의 환경 설정       ESC   환경설정   [게임설정]     표시 정보에서는 아군 피해 및 공격 정보 표시를 숨기고        카메라 관련 옵션에서는 전부다 꺼주면 좋습니다.        [그래픽 설정]        전체 화면 보다 창모드를 쓰는게 랙이 덜하다구 합니다.        그림자 표현   동그라미    그림자 품질   하 or 중       사물 시야 거리   중 or 상    지형 시야 거리   중       파괴 물리 적용   끄기    수직 동기화   끄기       다른 플레이어의 이펙트 출력   끄기    사양이 높지 않다면 이렇게 설정하는 것을 권장합니다.    그외 인터넷 속도로 인하여 랙이 있다면 이 방법을 통해 눈에 띄게 빠르게 만들 수 있습니다. * cmd 에 들어가서 3개만 타이핑 하면 됩니다. 바탕화면   시작   프로그램   cmd ** 여기서 cmd 바로 누르지 말고 마우스 우클릭으로 [관리자 권한으로 실행] 해야 합니다. 여기서 바로   netsh interface tcp show global   을 입력합시다. 이렇게 뜹니다. 중간 부분에 보면 [수신 창 자동 조정 수준] 이라는게 보이는데 만약 normal 로 표기 되어 있다면      netsh interface tcp set global autotuninglevel=highlyrestricted      라고 입력해주면 normal => highlyrestricted 으로 변경 됩니다. 이후 ipconfig/flushdns 한번 치면됩니다. 이렇게 교체하면 노트북 플레이 하더라도 상당히 부드럽게 게임 할 수 있을 것이고 컴퓨터 사양이 상당히 높다면 랙 자체가 없다시피 할 것입니다. 호에엑!!! 출처: 소울워커 갤러리 [원본보기] 추천검색 추천 비추천 53 26 개념 추천 개념 비추천 7 힛추 공유 신고 원본 첨부파일 11 엔비디아 제어판.png 3D설정관리.png 3D 설정관리 프로그램 설정.png 예시1.png 예시2.png IMG_0708.JPG IMG_0709.JPG IMG_0710.JPG 관리자 권한 cmd.png 관리자 1.png 호에엑!.png"
"2018-10-19 16:15:45","http://gall.dcinside.com/board/view/?id=superidea&no=158502&t=cv&s_type=search_all&s_keyword=그래픽카드&page=1","정보) 소울워커 랙 줄이기 (스압 주의)","초개념 갤러리","유저1","09 17 10:00:01","추천검색 추천 비추천 53 26 개념 추천 개념 비추천 7 힛추 공유 신고 원본 첨부파일 11 엔비디아 제어판.png 3D설정관리.png 3D 설정관리 프로그램 설정.png 예시1.png 예시2.png IMG_0708.JPG IMG_0709.JPG IMG_0710.JPG 관리자 권한 cmd.png 관리자 1.png 호에엑!.png"
"2018-10-19 16:15:46","http://gall.dcinside.com/board/view/?id=superidea&no=157224&s_type=search_all&s_keyword=그래픽카드&page=1","역대 엔비디아 그래픽카드 네이밍 정리","초개념 갤러리","NZXT","09 02 17:00:02","엔비디아는 매번 새로운 시리즈의 그래픽카드를 출시할때, 인류 역사에 큰 획을 그은 학자들의 이름을 붙이곤 한다 오늘은 엔비디아의 그래픽카드와 위인들에 관한 글이다 GTX500 니콜라 테슬라(Nikola Tesla) 1856년 7월 10일, 크로아티아   1943년 1월 7일 크로아티아의 초초초 천재 과학자 인류과학문명을 100년 이상 앞당겼다고 평가받는 초천재 물리학자, 전기공학자, 발명가...등등등 지금의 현대문명은 대부분 테슬라의 발명품으로 가득하다고 봐도 과언이 아니다 그는 이미 1900년대에 본인이 발명한 교류 발전기, 교류모터, 교류 송/발전 시스템, 무선 전신 등으로 최대시속 150km/h로 달릴수 있는 전기자동차, 테슬라 타워 등을 발명하였다 테슬라의 두뇌가 어느정도 수준이었냐면, 물리학을 비롯한 모든 역학과 공학에 통달한 머릿속으로 여러차례 실험을 한뒤 현실에서 딱 한번의 제조만으로 발명품을 만들었다고 한다 한번은 에디슨의 계략으로 테슬라의 발명품 도면들이 전부 불타버렸는대 이미 테슬라의 머릿속에 모든 발명품들의 설계도면이 있기때문에 아무런 데미지가 없다고한다 GTX600 엔리코 페르미 (Enrico Fermi) 1901년 9월 29일, 이탈리아   1954년 11월 이탈리아의 물리학자 세계최초 원자로 건설, 핵물리학의 아버지 미국의 맨하탄프로젝트에 가장크게 기여하여, 최초의 원자로를 만들기도 했다 원자폭탄, 원자력발전 등 인류 역사에 큰 획을 그었으나 실험으로 인한 방사능 피폭으로 53세의 나이에 단명했다 GTX700 요하네스 케플러 (Johannes Kepler) 1571년 12월 27일, 독일   1630년 11월 15일 독일의 천재적인 천문학자 당시 르네상스시대엔 천체학이 점성학 정도의 취급을 받던 시대였으나, 최초로 수학과 물리학을 천체학에 적용하여 현대의 천체물리학을 창시한 분이다 무려 500년 전에 행성의 제 3법칙을 발견하여 태양계의 공간구조를 명확히 밝혔다 현대에 스티븐 호킹 박사가 있다면, 르네상스엔 요하네스 케플러가 있다 GTX 900 제임스 맥스웰 [James Clerk Maxwell]  1831.6.13.~1879.11.5. 영국의 물리학자 뉴턴, 아인슈타인과 함께 물리학 역사에 최고의 업적을 남겼다고 칭송받는 학자이다 전자자기학 3대 악마중 하나인 맥스웰은  맥스웰방적식, 맥스웰볼츠만의 분포법칙, 속고분포법칙 등 현대 전자전공, 전기전공 머학생들의 대가리를 깨부수는대 기여했다 48살에 젊은나이에 세상을 떴지만, 480살 이상 살았어야 남길수 있는 대업적을 이루었다고 사람들은 말한다 아인슈타인 역시 그를 “뉴턴 이후 물리학의 가장 심대하고 가장 풍성한 수확” 이라고 평가했을 정도로 인류 물리학 역사에 매우 큰 획을 그었다 GTX1000 파스칼[Pascal, Blaise] 1623년 ~ 1662년 프랑스의 물리학자, 발명가, 철학자, 신학자 금수저로 태어나 19세에 계산기를 발명했을 정도로 천재 + 부자 엄친아다 그의 업적들은 현대수학의 밑거름이 되었으며, 현재 브레이크나 비행기의 착륙기어 등에 사용되는 파스칼의 원리를 발견했다 사람들은 그를 ""수학사에서 가장 위대한 인물이 될 뻔한 사람""이라고 부른다 RTX2000 앨런 튜링 (Alan Turing) 1912년 6월 23일, 영국   1954년 6월 7일 영국의 수학자, 논리학자 이미 20세기에 인공지능의 가능성을 발견했을 정도로 천재였으며, 현대 컴퓨터의 개념을 만든 과학자 이기도 하다 그러나, 그는 당시 범죄로 취급받던 '동성애' 때문에 박해를 받았고 비극적인 똥꼬충의 전형적이고 비참한 말로를 맞이한다 . . . . . 결론   엔비디아의 네이밍은 훗날 그래픽카드의 평가와 비례하고, 고로 RTX2000 시리즈는... 출처: 컴퓨터 본체 갤러리 [원본보기] 추천검색 추천 비추천 84 29 개념 추천 개념 비추천 8 힛추 공유 신고 원본 첨부파일 7 NVIDIA_roadmap_600.jpg 테슬라.png 페르미.png 케플러.png 맥스웰.png 파스칼.png 튜링.png"
"2018-10-19 16:15:47","http://gall.dcinside.com/board/view/?id=superidea&no=157224&t=cv&s_type=search_all&s_keyword=그래픽카드&page=1","역대 엔비디아 그래픽카드 네이밍 정리","초개념 갤러리","NZXT","09 02 17:00:02","추천검색 추천 비추천 84 29 개념 추천 개념 비추천 8 힛추 공유 신고 원본 첨부파일 7 NVIDIA_roadmap_600.jpg 테슬라.png 페르미.png 케플러.png 맥스웰.png 파스칼.png 튜링.png"
"2018-10-19 16:15:47","http://gall.dcinside.com/board/view/?id=superidea&no=156324&s_type=search_all&s_keyword=그래픽카드&page=1","문과도 이해하는.....신형 그래픽카드 2080TI........JPG","초개념 갤러리","dd","08 23 10:00:03","엔비디아에서 발표한 최신 그래픽 카드 RTX 2080TI 무려 가격이 '160만원'이다. 이렇게 비싼 이유는  새로이 최신 칩이 추가 되었기 때문  '레이트레이싱'이라는 기능을 하는  RTX코어 칩이 탑재되어 있다. 이는 그래픽카드에최초로 시도 되는  실시간 '빛의 처리'만을 전문적으로 담당하는 칩이다. 그래픽카드의 발전역사에 한 획을 긋는 발표라고 볼수 있다. 사실 그동안 게임 그래픽에서 빛을 처리할때 실시간으로 처리를 하지 못했다. 그래픽에서 빛의 처리에서 중요한것중의 핵심은 광원에 대한 처리이다. 광원이라함은 빛이 나는 근원이라는 뜻인데 태양, 전구 등이다. 광원이 하나 있다고 하자.  이 광원에서 나온 빛은 물체에 부딪치면 반사가 된다 이정도 효과야 지금의 그래픽 카드도 계산이 가능하다. 그래서 단순한 그림자 효과, 어둡고 밝은 느낌의 게임 그래픽은 쉽게 달성가능하다 . 하지만 광원은 단순히 한번의 반사가 끝이 아니다. 물체에서 튀어나온 광자는 다시또 다른 물체에 반사되고 한물체에서 튀어나와도 난반사가 될수도 있고 어떤 매질이느냐에 따라 예측할수도 없고 거의 계산 불가능에 가까운 빛의 효과가 나타난다. 그래서 그동안의 구형 그래픽카드들은  여러 눈속임 들로 게이머들에게 그래픽을 제공하고 있엇다. 예를들면 텍스쳐(게임에서 사용되는 이미지)에 명암을 넣는거나 실제로는 굴곡이 없는 구조인데 굴곡이 있는냥 착시 효과를 보이게 하는등이다. 그런데 이번에 새로 나온 2080TI그래픽카드는 저런 눈속임이 아닌 실제 빛을 가지고 빛이 어떻게 반사되고, 난반사되고, 흡수되고 광원이 갈라지고 다시 튀어나오는지를 실시간으로 계산해서 그래픽으로 보여준다. 이로 인해 과거와는 비교도 안될정도로 사실적인 그래픽을 보여주고 그래픽 디자이너들은 그동안 해왔던 각종 눈속임, 착시효과같은 노가다 삽질을 벗어나 정말 디자인 그자체에 집중할수 있어 더욱더 퀄리티 잇는 결과물을 만들수 있게 되었다. 이 기술을 '레이 트레이싱'이라고한다. 긴말 말고 예를 들어보자  RTX ON이 레이트레이싱을 킨것이다. 도로 물 표면에 비추는 불꽃이 사실적이다.  눈동자에 반사되는 불꽃 ... 차량에 반사되는 모습들  여러 광원들이 동시에 보여진다. 여러 광원들로 인해 실제처럼 더 반짝 거리는 대머리  출처: 컴퓨터 본체 갤러리 [원본보기] 추천검색 추천 비추천 189 54 개념 추천 개념 비추천 3 힛추 공유 신고 원본 첨부파일 1 002.jpg"
"2018-10-19 16:15:48","http://gall.dcinside.com/board/view/?id=superidea&no=156324&t=cv&s_type=search_all&s_keyword=그래픽카드&page=1","문과도 이해하는.....신형 그래픽카드 2080TI........JPG","초개념 갤러리","dd","08 23 10:00:03","추천검색 추천 비추천 189 54 개념 추천 개념 비추천 3 힛추 공유 신고 원본 첨부파일 1 002.jpg"
"2018-10-19 16:15:49","http://gall.dcinside.com/board/view/?id=superidea&no=156237&s_type=search_all&s_keyword=그래픽카드&page=1","RTX에 대한 정리 들어간다.","초개념 갤러리","허밋9","08 22 10:00:03","이번 RTX에 대한 성능 이슈는 AAA급 신작 벤치가 나오면 수그러들 이슈로 생각합니다.   그간의 그래픽카드의 성능 에 대한 지표는 초당 얼마나 많은 폴리곤을 그릴 수 있는가, 얼마나 디테일한 표현이 가능한가. 보통 깡성능이라고 불리는 연산능력에 집중해 왔습니다. 아주 단순명쾌한 지표지요.  그러나 이번 발표에서 황회장은 이런 성능에 대한 발언은 전혀 없이 '레이트레이싱' 이라는 기술 하나에 집중했습니다. 그럼 RTX 카드의 성능을 논하기 전에 RTX라는 기술이 무엇인지 정확한 파악이 필요하죠.    현재 RTX 레이트레이싱 기술을 다른 NVIDIA의 기술, 헤어웍스나 피직스처럼 부가적인 옵션으로 보시는 분들이 많은것 같은데요.  다른 방향으로 생각해보시면, RTX 기술은 그래픽카드의 성능에 대한 개념 자체를 바꾸는 기술임을 알게 될겁니다. 예를들면 그간 DX9~DX11 등의 기술발전처럼 말이죠.   발표 영상에서는 RTX 기능을 on/off 하는 모습을 여러차례 보여줬으나, 사실 이건의미가 없다고 봅니다. 이유인즉 RTX 기능을 지원하는 게임에서 RTX 카드를 사용할때 해당 기능을 끌 필요가 없기 때문이죠.   그동안 GTX카드에서는 빛과 그림자, 광원효과에 대한 모든 처리를 CUDA 코어가 폴리곤 연산과 함께 진행했습니다. 하지만 RTX 카드에서는 그런 처리들을 RT코어와 텐서 코어가 도맡아서 진행하게 됩니다.  즉, 폴리곤 연산에 집중하는 CUDA 코어, 그리고 광원효과에 집중하는 RT 코어로 연산이 세분화 되면서, 기존 CUDA 코어 역시 좀 더 높은 성능을 뽑아낼 수 있게 되는겁니다.   피직스나, 헤어웍스 처럼 옵션을 on 하면 전체적인 성능을 깎아 먹는 그런 옵션이 아니라 RTX 기능을 on 하면 RT코어가 활성화 되면서 쿠다코어의 연산부하가 줄어들고, 전체 프레임 향상이 오게 되는거죠. 또한, 많은 게임이 이를 제대로 지원하지 않을까 걱정하는 분들도 계실거라고 봅니다.  사실 이미 많이들 플레이하고 계신 구형 게임들이 이 기능을 지원할 일은 없다고 봅니다.  게임 그래픽 구조 전체에 대한 대대적인 수정이 필요한 사항이며, 이미 완료된 프로젝트에 이런 개발력을 투입할 이유가 없죠. 그런 구형게임을 하는데에 부족한 성능을 느끼고 계신 분들이라면, 참 애석한 일입니다. 하지만 앞으로 신규 게임을 플레이하고, 보다 높은 프레임, 보다 높은 성능을 요구하는 분들이라면, 이런 지원에 대한 걱정은 접어두셔도 될것 같습니다.     RTX를 앞으로 지원하고자 하는 회사들과 출시 예정인 게임들입니다.  언리얼 엔진에 주목해주세요.    그리고 이 외에도 개발사 입장에서는 NVIDIA의 RTX 기능을 사용할 이유가 차고 넘칩니다. 가장 우선적으로 높은 사양의 그래픽을 보다 효과적으로 표현할 수 있게 됩니다.  이건 RTX를 사용함에 대한 이점을 위에 잘 말씀드렸으니 아시겠지만, 더 중요한건 이 기능을 사용함으로 인해 개발의 용의성을 가지게 된다는 겁니다.  좀더 쉽게, 좀 더 멋진 영상을 뽑을 수 있는데 어느 개발사가 마다하겠습니까?   다시 말씀드리겠습니다. 이번 nvidia의 RTX는 단순한 '광원효과의 추가' 가 아닙니다.  컴퓨터 그래픽을 바라봄에 있어서, 그간은 사물에 대한 디테일이 주가 됐다면 앞으로는 사물이 실제로 어떻게 보이는가.  그리고 그 개념을 지원함에 가장 중요한건 빛의 처리이며, 그 성능을 나타내는 지표가 바료 rtx   ops 임을 알리는 것이 이번 발표에 가장 중요한 점이 되겠죠. 글의 제목처럼 새로 발표되는 AAA급 타이틀들의 벤치가 나오기 시작하면 이번 RTX의 성능에 대한 이슈는 잦아들겁니다. 당장 RTX 기능을 도입해서 좀 더 멋진 그래픽을 좀 더 높은 프레임으로 뽑아주는 벤치를 인정하지 않은 사람은 없을테니까요.   황회장은 가격은 모르겠지만, 적어도 성능으로 장난치는 사람이 아니라는걸 다들 잘 알고 계실겁니다.  당장은 그래픽카드에 대한 '성능'개념의 전환에 혼란스러울지 몰라도 RTX는 좀 더 사실적이고 미려한 게임 세상에 플레이어를 인도할 것입니다. 믿으세요.  출처: 컴퓨터 본체 갤러리 [원본보기] 